job_name,field,source_a,value_a,source_b,value_b,absolute_difference,message
ConfigurationSelectionExperiment_C1_1,source,JSON,missing,,,,No matching JSON report.
ConfigurationSelectionExperiment_C1_1,source,Markdown,missing,,,,No matching Markdown report.
ConfigurationSelectionExperiment_C1_2,source,JSON,missing,,,,No matching JSON report.
ConfigurationSelectionExperiment_C1_2,source,Markdown,missing,,,,No matching Markdown report.
ConfigurationSelectionExperiment_C1_3,source,JSON,missing,,,,No matching JSON report.
ConfigurationSelectionExperiment_C1_3,source,Markdown,missing,,,,No matching Markdown report.
ConfigurationSelectionExperiment_C2_1,source,JSON,missing,,,,No matching JSON report.
ConfigurationSelectionExperiment_C2_1,source,Markdown,missing,,,,No matching Markdown report.
ConfigurationSelectionExperiment_C2_2,source,JSON,missing,,,,No matching JSON report.
ConfigurationSelectionExperiment_C2_2,source,Markdown,missing,,,,No matching Markdown report.
ConfigurationSelectionExperiment_C2_3,source,JSON,missing,,,,No matching JSON report.
ConfigurationSelectionExperiment_C2_3,source,Markdown,missing,,,,No matching Markdown report.
ConfigurationSelectionExperiment_C3_1,source,JSON,missing,,,,No matching JSON report.
ConfigurationSelectionExperiment_C3_1,source,Markdown,missing,,,,No matching Markdown report.
ConfigurationSelectionExperiment_C3_2,source,JSON,missing,,,,No matching JSON report.
ConfigurationSelectionExperiment_C3_2,source,Markdown,missing,,,,No matching Markdown report.
ConfigurationSelectionExperiment_C3_3,source,JSON,missing,,,,No matching JSON report.
ConfigurationSelectionExperiment_C3_3,source,Markdown,missing,,,,No matching Markdown report.
ConfigurationSelectionExperiment_C4_1,source,JSON,missing,,,,No matching JSON report.
ConfigurationSelectionExperiment_C4_1,source,Markdown,missing,,,,No matching Markdown report.
ConfigurationSelectionExperiment_C4_2,source,JSON,missing,,,,No matching JSON report.
ConfigurationSelectionExperiment_C4_2,source,Markdown,missing,,,,No matching Markdown report.
ConfigurationSelectionExperiment_C4_3,source,JSON,missing,,,,No matching JSON report.
ConfigurationSelectionExperiment_C4_3,source,Markdown,missing,,,,No matching Markdown report.
ConfigurationSelectionExperiment_C5_1,source,JSON,missing,,,,No matching JSON report.
ConfigurationSelectionExperiment_C5_1,source,Markdown,missing,,,,No matching Markdown report.
ConfigurationSelectionExperiment_C5_2,source,JSON,missing,,,,No matching JSON report.
ConfigurationSelectionExperiment_C5_2,source,Markdown,missing,,,,No matching Markdown report.
ConfigurationSelectionExperiment_C5_3,source,JSON,missing,,,,No matching JSON report.
ConfigurationSelectionExperiment_C5_3,source,Markdown,missing,,,,No matching Markdown report.
ConfigurationSelectionExperiment_C6_1,source,JSON,missing,,,,No matching JSON report.
ConfigurationSelectionExperiment_C6_1,source,Markdown,missing,,,,No matching Markdown report.
ConfigurationSelectionExperiment_C6_2,source,JSON,missing,,,,No matching JSON report.
ConfigurationSelectionExperiment_C6_2,source,Markdown,missing,,,,No matching Markdown report.
ConfigurationSelectionExperiment_C6_3,source,JSON,missing,,,,No matching JSON report.
ConfigurationSelectionExperiment_C6_3,source,Markdown,missing,,,,No matching Markdown report.
ConfigurationSelectionExperiment_C7_1,source,JSON,missing,,,,No matching JSON report.
ConfigurationSelectionExperiment_C7_1,source,Markdown,missing,,,,No matching Markdown report.
ConfigurationSelectionExperiment_C7_2,source,JSON,missing,,,,No matching JSON report.
ConfigurationSelectionExperiment_C7_2,source,Markdown,missing,,,,No matching Markdown report.
ConfigurationSelectionExperiment_C7_3,source,JSON,missing,,,,No matching JSON report.
ConfigurationSelectionExperiment_C7_3,source,Markdown,missing,,,,No matching Markdown report.
ConfigurationSelectionExperiment_C8_1,source,JSON,missing,,,,No matching JSON report.
ConfigurationSelectionExperiment_C8_1,source,Markdown,missing,,,,No matching Markdown report.
ConfigurationSelectionExperiment_C8_2,source,JSON,missing,,,,No matching JSON report.
ConfigurationSelectionExperiment_C8_2,source,Markdown,missing,,,,No matching Markdown report.
ConfigurationSelectionExperiment_C8_3,source,JSON,missing,,,,No matching JSON report.
ConfigurationSelectionExperiment_C8_3,source,Markdown,missing,,,,No matching Markdown report.
